season,player_name,franchise,price_inr,price_cr
2013,Christopher Morris,CSK,36625000,3.66
2013,Dirk Nannes,CSK,35160000,3.52
2013,Ben Laughlin,CSK,1172000,0.12
2013,Akila Dananjaya,CSK,1172000,0.12
2013,Jason Holder,CSK,1172000,0.12
2013,Johan Botha,DD,26370000,2.64
2013,Jesse Ryder,DD,15236000,1.52
2013,Jeevan Mendis,DD,2930000,0.29
2013,Manpreet Gony,KXIP,29300000,2.93
2013,Luke Pomersbach,KXIP,17580000,1.76
2013,Sachithra Senanayaka,KKR,36625000,3.66
2013,Ryan McLaren,KKR,2930000,0.29
2013,Glenn Maxwell,MI,58600000,5.86
2013,Nathan Coulter-Nile,MI,26370000,2.64
2013,Ricky Ponting,MI,23440000,2.34
2013,Philip Hughes,MI,5860000,0.59
2013,Jacob Oram,MI,2930000,0.29
2013,Ajantha Mendis,Pune Warriors India,42485000,4.25
2013,Kane Richardson,Pune Warriors India,41020000,4.1
2013,Abhishek Nayar,Pune Warriors India,39555000,3.96
2013,Michael Clarke,Pune Warriors India,23440000,2.34
2013,James Faulkner,RR,23440000,2.34
2013,Fidel Edwards,RR,12306000,1.23
2013,Kusal Janith Perera,RR,1172000,0.12
2013,Jaydev Unadkat,RCB,30765000,3.08
2013,Rudra Pratap Singh,RCB,23440000,2.34
2013,Moises Henriques,RCB,17580000,1.76
2013,Ravi Rampaul,RCB,16994000,1.7
2013,Pankaj Singh,RCB,8790000,0.88
2013,Daniel Christian,RCB,5860000,0.59
2013,Christopher Barnwell,RCB,2930000,0.29
2013,Thisara Perera,SRH,39555000,3.96
2013,Darren Sammy,SRH,24905000,2.49
2013,Sudeep Tyagi,SRH,5860000,0.59
2013,Clinton McKay,SRH,5860000,0.59
2013,Nathan McCullum,SRH,5860000,0.59
2013,Quinton De Kock,SRH,1172000,0.12
2014,Faf Du Plessis,CSK,47500000,4.75
2014,Dwayne Smith,CSK,45000000,4.5
2014,Brendon McCullum,CSK,32500000,3.25
2014,Ashish Nehra,CSK,20000000,2.0
2014,Mohit Sharma,CSK,20000000,2.0
2014,Ishwar Chandra Pandey,CSK,15000000,1.5
2014,Ben Hilfenhaus,CSK,10000000,1.0
2014,John Hastings,CSK,5000000,0.5
2014,Samuel Badree,CSK,3000000,0.3
2014,Matt Henry,CSK,3000000,0.3
2014,Mithun Manhas,CSK,3000000,0.3
2014,Vijay Shankar,CSK,1000000,0.1
2014,Ronit More,CSK,1000000,0.1
2014,Baba Aparajith,CSK,1000000,0.1
2014,Pawan Negi,CSK,1000000,0.1
2014,Dinesh Karthik,DD,125000000,12.5
2014,Kevin Pietersen,DD,90000000,9.0
2014,Murali Vijay,DD,50000000,5.0
2014,Mohammad Shami,DD,42500000,4.25
2014,Nathan Coulter-Nile,DD,42500000,4.25
2014,Quinton De Kock,DD,35000000,3.5
2014,Manoj Tiwary,DD,28000000,2.8
2014,Jaydev Unadkat,DD,28000000,2.8
2014,Jean-Paul Duminy,DD,22000000,2.2
2014,Ross Taylor,DD,20000000,2.0
2014,Kedar Jadhav,DD,20000000,2.0
2014,Rahul Sharma,DD,19000000,1.9
2014,Mayank Agarwal,DD,16000000,1.6
2014,Laxmi Ratan Shukla,DD,15000000,1.5
2014,James Neesham,DD,10000000,1.0
2014,Wayne Parnell,DD,10000000,1.0
2014,Shahbaz Nadeem,DD,8500000,0.85
2014,Saurabh Tiwary,DD,7000000,0.7
2014,Siddarth Kaul,DD,4500000,0.45
2014,Rahul Shukla,DD,4000000,0.4
2014,Jayant Yadav,DD,1000000,0.1
2014,HS Sharath,DD,1000000,0.1
2014,Milind Kumar,DD,1000000,0.1
2014,Mitchell Johnson,KXIP,65000000,6.5
2014,Glenn Maxwell,KXIP,60000000,6.0
2014,George Bailey,KXIP,32500000,3.25
2014,Virender Sehwag,KXIP,32000000,3.2
2014,Rishi Dhawan,KXIP,30000000,3.0
2014,Wriddhiman Saha,KXIP,22000000,2.2
2014,Shaun Marsh,KXIP,22000000,2.2
2014,Cheteshwar Pujara,KXIP,19000000,1.9
2014,Beuran Hendricks,KXIP,18000000,1.8
2014,Lakshmipathy Balaji,KXIP,18000000,1.8
2014,Thisara Perera,KXIP,16000000,1.6
2014,Gurkirat Singh Mann,KXIP,13000000,1.3
2014,Murali Kartik,KXIP,10000000,1.0
2014,Sandeep Sharma,KXIP,8500000,0.85
2014,Mandeep Hardev Singh,KXIP,8000000,0.8
2014,Akshar Rajesh Patel,KXIP,7500000,0.75
2014,Parvinder Awana,KXIP,6500000,0.65
2014,Shardul Narendra Thakur,KXIP,2000000,0.2
2014,Anureet Singh,KXIP,2000000,0.2
2014,Shivam Sharma,KXIP,1000000,0.1
2014,Karanveer Singh,KXIP,1000000,0.1
2014,Jacques Kallis,KKR,55000000,5.5
2014,Robin Uthappa,KKR,50000000,5.0
2014,Piyush Chawla,KKR,42500000,4.25
2014,Yusuf Pathan,KKR,32500000,3.25
2014,Shakib Al Hasan,KKR,28000000,2.8
2014,Morne Morkel,KKR,28000000,2.8
2014,Ranganath Vinay Kumar,KKR,28000000,2.8
2014,Umesh Yadav,KKR,26000000,2.6
2014,Manish Pandey,KKR,17000000,1.7
2014,Chris Lynn,KKR,13000000,1.3
2014,Patrick Cummins,KKR,10000000,1.0
2014,Ryan Ten Doeschate,KKR,10000000,1.0
2014,Suryakumar Yadav,KKR,7000000,0.7
2014,Andre Russell,KKR,6000000,0.6
2014,Manvinder Bisla,KKR,6000000,0.6
2014,Veer Pratap Singh,KKR,4000000,0.4
2014,Kuldeep Singh Yadav,KKR,4000000,0.4
2014,Debabrata Das,KKR,2000000,0.2
2014,Sayan Sekhar Mandal,KKR,1000000,0.1
2014,Michael Hussey,MI,50000000,5.0
2014,Corey Anderson,MI,45000000,4.5
2014,Pragyan Ojha,MI,32500000,3.25
2014,Zaheer Khan,MI,26000000,2.6
2014,Aditya Tare,MI,16000000,1.6
2014,Jasprit Bumrah,MI,12000000,1.2
2014,Jalaj Saxena,MI,9000000,0.9
2014,Josh Hazlewood,MI,5000000,0.5
2014,Marchant De Lange,MI,3000000,0.3
2014,Krismar Santokie,MI,3000000,0.3
2014,Ben Dunk,MI,2000000,0.2
2014,C.M. Gautam,MI,2000000,0.2
2014,Apoorv Vijay Wankhade,MI,1000000,0.1
2014,Pawan Suyal,MI,1000000,0.1
2014,Sushant Marathe,MI,1000000,0.1
2014,Shreyas Gopal,MI,1000000,0.1
2014,Steven Smith,RR,40000000,4.0
2014,Brad Hodge,RR,24000000,2.4
2014,Rajat Bhatia,RR,17000000,1.7
2014,Tim Southee,RR,12000000,1.2
2014,Dhawal Kulkarni,RR,11000000,1.1
2014,Abhishek Nayar,RR,10000000,1.0
2014,Kane Richardson,RR,10000000,1.0
2014,Ben Cutting,RR,8000000,0.8
2014,Karun Nair,RR,7500000,0.75
2014,Unmukt Chand,RR,6500000,0.65
2014,Iqbal Abdullah,RR,6500000,0.65
2014,Deepak Hooda,RR,4000000,0.4
2014,Dishant Yagnik,RR,3000000,0.3
2014,Kevon Cooper,RR,3000000,0.3
2014,Vikramjeet Malik,RR,2000000,0.2
2014,Ankit Nagendra Sharma,RR,1000000,0.1
2014,Rahul Tewatia,RR,1000000,0.1
2014,Ankush Bains,RR,1000000,0.1
2014,Amit Mishra,RR,1000000,0.1
2014,Pravin Tambe,RR,1000000,0.1
2014,Yuvraj Singh,RCB,140000000,14.0
2014,Mitchell Starc,RCB,50000000,5.0
2014,Albie Morkel,RCB,24000000,2.4
2014,Varun Aaron,RCB,20000000,2.0
2014,Ashok Dinda,RCB,15000000,1.5
2014,Parthiv Patel,RCB,14000000,1.4
2014,Muttiah Muralitharan,RCB,10000000,1.0
2014,Ravi Rampaul,RCB,9000000,0.9
2014,Nic Maddinson,RCB,5000000,0.5
2014,Harshal Patel,RCB,4000000,0.4
2014,Vijay Zol,RCB,3000000,0.3
2014,Abu Nechim Ahmed,RCB,3000000,0.3
2014,Sachin Rana,RCB,2000000,0.2
2014,Shadab Jakati,RCB,2000000,0.2
2014,Sandeep Warrier,RCB,1000000,0.1
2014,Tanmay Mishra,RCB,1000000,0.1
2014,Yogesh Takawale,RCB,1000000,0.1
2014,Yuzvendra Singh Chahal,RCB,1000000,0.1
2014,David Warner,SRH,55000000,5.5
2014,Amit Mishra,SRH,47500000,4.75
2014,Bhuvneshwar Kumar,SRH,42500000,4.25
2014,Aaron Finch,SRH,40000000,4.0
2014,Karn Sharma,SRH,37500000,3.75
2014,Darren Sammy,SRH,35000000,3.5
2014,Ishant Sharma,SRH,26000000,2.6
2014,Irfan Pathan,SRH,24000000,2.4
2014,Moises Henriques,SRH,10000000,1.0
2014,KL Rahul,SRH,10000000,1.0
2014,Parveez Rasool,SRH,9500000,0.95
2014,Jason Holder,SRH,7500000,0.75
2014,Venugopal Rao,SRH,5500000,0.55
2014,Naman Ojha,SRH,5000000,0.5
2014,Brendan Taylor,SRH,3000000,0.3
2014,Prasanth Parameswaran,SRH,3000000,0.3
2014,Amit Paunikar,SRH,2000000,0.2
2014,Ashish Reddy,SRH,2000000,0.2
2014,Srikkanth Anirudha,SRH,2000000,0.2
2014,Ricky Bhui,SRH,1000000,0.1
2014,Chama Milind,SRH,1000000,0.1
2014,Manprit Juneja,SRH,1000000,0.1
2015,Michael Hussey,CSK,15000000,1.5
2015,Irfan Pathan,CSK,15000000,1.5
2015,Rahul Sharma,CSK,3000000,0.3
2015,Kyle Abbott,CSK,3000000,0.3
2015,Andrew Tye,CSK,2000000,0.2
2015,Pratyush Singh,CSK,1000000,0.1
2015,Ankush Bains,CSK,1000000,0.1
2015,Eklavya Dwivedi,CSK,1000000,0.1
2015,Yuvraj Singh,DD,160000000,16.0
2015,Angelo Mathews,DD,75000000,7.5
2015,Zaheer Khan,DD,40000000,4.0
2015,Amit Mishra,DD,35000000,3.5
2015,Shreyas Iyer,DD,26000000,2.6
2015,Gurinder Sandhu,DD,17000000,1.7
2015,Jaydev Unadkat,DD,11000000,1.1
2015,Domnic Joseph Muthuswamy,DD,7500000,0.75
2015,Albie Morkel,DD,3000000,0.3
2015,Travis Head,DD,3000000,0.3
2015,Marcus Stoinis,DD,2500000,0.25
2015,C.M. Gautam,DD,2000000,0.2
2015,Kona Srikar Bharat,DD,1000000,0.1
2015,K.K. Jiyaz,DD,1000000,0.1
2015,Murali Vijay,KXIP,30000000,3.0
2015,Nikhil Shankar Naik,KXIP,3000000,0.3
2015,Yogesh Gowalkar,KXIP,1000000,0.1
2015,K.C. Cariappa,KKR,24000000,2.4
2015,James Neesham,KKR,5000000,0.5
2015,Brad Hogg,KKR,5000000,0.5
2015,Aditya Garhwal,KKR,2500000,0.25
2015,Sheldon Jackson,KKR,1500000,0.15
2015,Sumit Narwal,KKR,1000000,0.1
2015,Vaibhav Rawal,KKR,1000000,0.1
2015,Aaron Finch,MI,32000000,3.2
2015,Pragyan Ojha,MI,5000000,0.5
2015,Abhimanyu Mithun,MI,3000000,0.3
2015,Mitchell McClenaghan,MI,3000000,0.3
2015,Aiden Blizzard,MI,3000000,0.3
2015,Hardik Pandya,MI,1000000,0.1
2015,Akshay Wakhare,MI,1000000,0.1
2015,Nitish Rana,MI,1000000,0.1
2015,Siddhesh Dinesh Lad,MI,1000000,0.1
2015,J. Suchitch,MI,1000000,0.1
2015,Christopher Morris,RR,14000000,1.4
2015,Juan Theron,RR,3000000,0.3
2015,Barinder Singh Saran,RR,1000000,0.1
2015,Dinesh Salunkhe,RR,1000000,0.1
2015,Sagar Trivedi,RR,1000000,0.1
2015,Pardeep Sahu,RR,1000000,0.1
2015,Dinesh Karthik,RCB,105000000,10.5
2015,Darren Sammy,RCB,28000000,2.8
2015,David Wiese,RCB,28000000,2.8
2015,Sean Abbott,RCB,10000000,1.0
2015,Adam Milne,RCB,7000000,0.7
2015,Sarfaraz Naushad Khan,RCB,5000000,0.5
2015,Subramaniam Badrinath,RCB,3000000,0.3
2015,Jalaj Saxena,RCB,1000000,0.1
2015,Shishir Bhavane,RCB,1000000,0.1
2015,Trent Boult,SRH,38000000,3.8
2015,Praveen Kumar,SRH,22000000,2.2
2015,Kevin Pietersen,SRH,20000000,2.0
2015,Eoin Morgan,SRH,15000000,1.5
2015,Ravi Bopara,SRH,10000000,1.0
2015,Kane Williamson,SRH,6000000,0.6
2015,Laxmi Ratan Shukla,SRH,3000000,0.3
2015,Prasanth Padmanabhan,SRH,1000000,0.1
2015,Hanuma Vihari,SRH,1000000,0.1
2015,Siddarth Kaul,SRH,1000000,0.1
2016,Pawan Negi,DD,85000000,8.5
2016,Christopher Morris,DD,70000000,7.0
2016,Sanju Samson,DD,42000000,4.2
2016,Carlos Brathwaite,DD,42000000,4.2
2016,Karun Nair,DD,40000000,4.0
2016,Rishabh Pant,DD,19000000,1.9
2016,Joel Paris,DD,3000000,0.3
2016,Sam Billings,DD,3000000,0.3
2016,Chama Milind,DD,1000000,0.1
2016,Pratyush Singh,DD,1000000,0.1
2016,Mahipal Lomror,DD,1000000,0.1
2016,Syed Khaleel Ahmed,DD,1000000,0.1
2016,Akhil Arvind Herwadkar,DD,1000000,0.1
2016,Pawan Suyal,DD,1000000,0.1
2016,Praveen Kumar,GL,35000000,3.5
2016,Dale Steyn,GL,23000000,2.3
2016,Dinesh Karthik,GL,23000000,2.3
2016,Dwayne Smith,GL,23000000,2.3
2016,Dhawal Kulkarni,GL,20000000,2.0
2016,Aaron Finch,GL,10000000,1.0
2016,Eklavya Dwivedi,GL,10000000,1.0
2016,Andrew Tye,GL,5000000,0.5
2016,Ishan Kishan,GL,3500000,0.35
2016,Jaydev Shah,GL,2000000,0.2
2016,Shadab Jakati,GL,2000000,0.2
2016,Pravin Tambe,GL,2000000,0.2
2016,Pradeep Sangwan,GL,2000000,0.2
2016,Amit Mishra,GL,1000000,0.1
2016,Shivil Kaushik,GL,1000000,0.1
2016,Akshdeep Nath,GL,1000000,0.1
2016,Sarabjit Ladda,GL,1000000,0.1
2016,Umang Sharma,GL,1000000,0.1
2016,Paras Dogra,GL,1000000,0.1
2016,Mohit Sharma,KXIP,65000000,6.5
2016,Kyle Abbott,KXIP,21000000,2.1
2016,K.C. Cariappa,KXIP,8000000,0.8
2016,Marcus Stoinis,KXIP,5500000,0.55
2016,Farhaan Behardien,KXIP,3000000,0.3
2016,Pardeep Sahu,KXIP,1000000,0.1
2016,Armaan Jaffer,KXIP,1000000,0.1
2016,Swapnil Singh,KXIP,1000000,0.1
2016,Jaydev Unadkat,KKR,16000000,1.6
2016,Ankit Singh Rajpoot,KKR,15000000,1.5
2016,John Hastings,KKR,13000000,1.3
2016,Jason Holder,KKR,7000000,0.7
2016,Colin Munro,KKR,3000000,0.3
2016,Rajagopal Sathish,KKR,2000000,0.2
2016,Manan Ajay Sharma,KKR,1000000,0.1
2016,Jos Buttler,MI,38000000,3.8
2016,Nathu Singh,MI,32000000,3.2
2016,Tim Southee,MI,25000000,2.5
2016,Krunal Pandya,MI,20000000,2.0
2016,Kishore Pramod Kamath,MI,14000000,1.4
2016,Deepak Punia,MI,1000000,0.1
2016,Jitesh Sharma,MI,1000000,0.1
2016,Mitchell Marsh,RPS,48000000,4.8
2016,M. Ashwin,RPS,45000000,4.5
2016,Ishant Sharma,RPS,38000000,3.8
2016,Kevin Pietersen,RPS,35000000,3.5
2016,Irfan Pathan,RPS,10000000,1.0
2016,Thisara Perera,RPS,10000000,1.0
2016,Rajat Bhatia,RPS,6000000,0.6
2016,Ashok Dinda,RPS,5000000,0.5
2016,Scott Boland,RPS,5000000,0.5
2016,Peter Handscomb,RPS,3000000,0.3
2016,Rudra Pratap Singh,RPS,3000000,0.3
2016,Adam Zampa,RPS,3000000,0.3
2016,Ishwar Chandra Pandey,RPS,2000000,0.2
2016,Deepak Chahar,RPS,1000000,0.1
2016,Jaskaran Singh,RPS,1000000,0.1
2016,Baba Aparajith,RPS,1000000,0.1
2016,Ankush Bains,RPS,1000000,0.1
2016,Ankit Sharma,RPS,1000000,0.1
2016,Shane Watson,RCB,95000000,9.5
2016,Stuart Binny,RCB,20000000,2.0
2016,Kane Richardson,RCB,20000000,2.0
2016,Samuel Badree,RCB,5000000,0.5
2016,Travis Head,RCB,5000000,0.5
2016,Praveen Dubey,RCB,3500000,0.35
2016,Vikramjeet Malik,RCB,2000000,0.2
2016,Akshay Karnewar,RCB,1000000,0.1
2016,Iqbal Abdullah,RCB,1000000,0.1
2016,Sachin Baby,RCB,1000000,0.1
2016,Vikas Tokas,RCB,1000000,0.1
2016,Yuvraj Singh,SRH,70000000,7.0
2016,Ashish Nehra,SRH,55000000,5.5
2016,Deepak Hooda,SRH,42000000,4.2
2016,Mustafizur Rahman,SRH,14000000,1.4
2016,Aditya Tare,SRH,12000000,1.2
2016,Barinder Singh Sran,SRH,12000000,1.2
2016,Ben Cutting,SRH,5000000,0.5
2016,Vijay Shankar,SRH,3500000,0.35
2016,Abhimanyu Mithun,SRH,3000000,0.3
2016,Tirumalasetti Suman,SRH,1000000,0.1
2017,Kagiso Rabada,DD,50000000,5.0
2017,Patrick Cummins,DD,45000000,4.5
2017,Angelo Mathews,DD,20000000,2.0
2017,Corey Anderson,DD,10000000,1.0
2017,M. Ashwin,DD,10000000,1.0
2017,Aditya Tare,DD,2500000,0.25
2017,Ankeet Bawane,DD,1000000,0.1
2017,Navdeep Saini,DD,1000000,0.1
2017,Shashank Singh,DD,1000000,0.1
2017,Jason Roy,GL,10000000,1.0
2017,Basil Thampi,GL,8500000,0.85
2017,Manpreet Gony,GL,6000000,0.6
2017,Nathu Singh,GL,5000000,0.5
2017,Munaf Patel,GL,3000000,0.3
2017,Akshdeep Nath,GL,1000000,0.1
2017,Shubam Agrawal,GL,1000000,0.1
2017,Tejas Singh Baroka,GL,1000000,0.1
2017,Chirag Suri,GL,1000000,0.1
2017,Pratham Singh,GL,1000000,0.1
2017,Shelley Shaurya,GL,1000000,0.1
2017,T Natarajan,KXIP,30000000,3.0
2017,Varun Aaron,KXIP,28000000,2.8
2017,Eoin Morgan,KXIP,20000000,2.0
2017,Matt Henry,KXIP,5000000,0.5
2017,Martin Guptill,KXIP,5000000,0.5
2017,Darren Sammy,KXIP,3000000,0.3
2017,Rahul Tewatia,KXIP,2500000,0.25
2017,Rinku Singh,KXIP,1000000,0.1
2017,Trent Boult,KKR,50000000,5.0
2017,Chris Woakes,KKR,42000000,4.2
2017,Nathan Coulter-Nile,KKR,35000000,3.5
2017,Rishi Dhawan,KKR,5500000,0.55
2017,Darren Bravo,KKR,5000000,0.5
2017,Rovman Powell,KKR,3000000,0.3
2017,Sayan Ghosh,KKR,1000000,0.1
2017,R. Sanjay Yadav,KKR,1000000,0.1
2017,Ishank Jaggi,KKR,1000000,0.1
2017,Karn Sharma,MI,32000000,3.2
2017,Krishnappa Gowtham,MI,20000000,2.0
2017,Mitchell Johnson,MI,20000000,2.0
2017,Asela Gunarathna,MI,3000000,0.3
2017,Saurabh Tiwary,MI,3000000,0.3
2017,Nicolas Pooran,MI,3000000,0.3
2017,Kulwant Khejroliya,MI,1000000,0.1
2017,Benjamin Stokes,RPS,145000000,14.5
2017,Daniel Christian,RPS,10000000,1.0
2017,Manoj Tiwary,RPS,5000000,0.5
2017,Lockie Ferguson,RPS,5000000,0.5
2017,Jaydev Unadkat,RPS,3000000,0.3
2017,Rahul Chahar,RPS,1000000,0.1
2017,Saurabh Kumar,RPS,1000000,0.1
2017,Milind Tandon,RPS,1000000,0.1
2017,Rahul Ajay Tripathi,RPS,1000000,0.1
2017,Tymal Mills,RCB,120000000,12.0
2017,Aniket Choudhary,RCB,20000000,2.0
2017,Pawan Negi,RCB,10000000,1.0
2017,Billy Stanlake,RCB,3000000,0.3
2017,Praveen Dubey,RCB,1000000,0.1
2017,Rashid Khan Arman,SRH,40000000,4.0
2017,Mohammed Siraj,SRH,26000000,2.6
2017,Eklavya Dwivedi,SRH,7500000,0.75
2017,Chris Jordan,SRH,5000000,0.5
2017,Mohammad Nabi,SRH,3000000,0.3
2017,Ben Laughlin,SRH,3000000,0.3
2017,Pravin Tambe,SRH,1000000,0.1
2017,Tanmay Agarwal,SRH,1000000,0.1
2018,Kedar Jadhav,CSK,78000000,7.8
2018,Dwayne Bravo,CSK,64000000,6.4
2018,Karn Sharma,CSK,50000000,5.0
2018,Shane Watson,CSK,40000000,4.0
2018,Shardul Narendra Thakur,CSK,26000000,2.6
2018,Ambati Rayudu,CSK,22000000,2.2
2018,Murali Vijay,CSK,20000000,2.0
2018,Harbhajan Singh,CSK,20000000,2.0
2018,Faf Du Plessis,CSK,16000000,1.6
2018,Mark Wood,CSK,15000000,1.5
2018,Sam Billings,CSK,10000000,1.0
2018,Imran Tahir,CSK,10000000,1.0
2018,Deepak Chahar,CSK,8000000,0.8
2018,Mitchell Santner,CSK,5000000,0.5
2018,Lungisani Ngidi,CSK,5000000,0.5
2018,Asif K M,CSK,4000000,0.4
2018,N Jagadeesan,CSK,2000000,0.2
2018,Kanishk Seth,CSK,2000000,0.2
2018,Monu Singh,CSK,2000000,0.2
2018,Dhruv Shorey,CSK,2000000,0.2
2018,Kshitiz Sharma,CSK,2000000,0.2
2018,Chaitanya Bishnoi,CSK,2000000,0.2
2018,Glenn Maxwell,DD,90000000,9.0
2018,Kagiso Rabada,DD,42000000,4.2
2018,Amit Mishra,DD,40000000,4.0
2018,Shahbaz Nadeem,DD,32000000,3.2
2018,Vijay Shankar,DD,32000000,3.2
2018,Rahul Tewatia,DD,30000000,3.0
2018,Mohammad Shami,DD,30000000,3.0
2018,Gautam Gambhir,DD,28000000,2.8
2018,Trent Boult,DD,22000000,2.2
2018,Colin Munro,DD,19000000,1.9
2018,Daniel Christian,DD,15000000,1.5
2018,Jason Roy,DD,15000000,1.5
2018,Naman Ojha,DD,14000000,1.4
2018,Prithvi Shaw,DD,12000000,1.2
2018,Gurkeerat Singh Mann,DD,7500000,0.75
2018,Avesh Khan,DD,7000000,0.7
2018,Abhishek Sharma,DD,5500000,0.55
2018,Jayant Yadav,DD,5000000,0.5
2018,Harshal Patel,DD,2000000,0.2
2018,Manjot Kalra,DD,2000000,0.2
2018,Sandeep Lamichhane,DD,2000000,0.2
2018,Sayan Ghosh,DD,2000000,0.2
2018,KL Rahul,KXIP,110000000,11.0
2018,Ravichandran Ashwin,KXIP,76000000,7.6
2018,Andrew Tye,KXIP,72000000,7.2
2018,Aaron Finch,KXIP,62000000,6.2
2018,Marcus Stoinis,KXIP,62000000,6.2
2018,Karun Nair,KXIP,56000000,5.6
2018,Mujeeb Zadran,KXIP,40000000,4.0
2018,Ankit Singh Rajpoot,KXIP,30000000,3.0
2018,David Miller,KXIP,30000000,3.0
2018,Mohit Sharma,KXIP,24000000,2.4
2018,Barinder Singh Sran,KXIP,22000000,2.2
2018,Yuvraj Singh,KXIP,20000000,2.0
2018,Christopher Gayle,KXIP,20000000,2.0
2018,Ben Dwarshuis,KXIP,14000000,1.4
2018,Akshdeep Nath,KXIP,10000000,1.0
2018,Manoj Tiwary,KXIP,10000000,1.0
2018,Mayank Agarwal,KXIP,10000000,1.0
2018,Manzoor Dar,KXIP,2000000,0.2
2018,Pardeep Sahu,KXIP,2000000,0.2
2018,Mayank Dagar,KXIP,2000000,0.2
2018,Chris Lynn,KKR,96000000,9.6
2018,Mitchell Starc,KKR,94000000,9.4
2018,Dinesh Karthik,KKR,74000000,7.4
2018,Robin Uthappa,KKR,64000000,6.4
2018,Kuldeep Singh Yadav,KKR,58000000,5.8
2018,Piyush Chawla,KKR,42000000,4.2
2018,Nitish Rana,KKR,34000000,3.4
2018,Kamlesh Nagarkoti,KKR,32000000,3.2
2018,Shivam Mavi,KKR,30000000,3.0
2018,Mitchell Johnson,KKR,20000000,2.0
2018,Shubman Gill,KKR,18000000,1.8
2018,Ranganath Vinay Kumar,KKR,10000000,1.0
2018,Rinku Singh,KKR,8000000,0.8
2018,Cameron Delport,KKR,3000000,0.3
2018,Javon Searless,KKR,3000000,0.3
2018,Apoorv Vijay Wankhade,KKR,2000000,0.2
2018,Ishank Jaggi,KKR,2000000,0.2
2018,Krunal Pandya,MI,88000000,8.8
2018,Ishan Kishan,MI,62000000,6.2
2018,Kieron Pollard,MI,54000000,5.4
2018,Pat Cummins,MI,54000000,5.4
2018,Evin Lewis,MI,38000000,3.8
2018,Suryakumar Yadav,MI,32000000,3.2
2018,Ben Cutting,MI,22000000,2.2
2018,Mustafizur Rahman,MI,22000000,2.2
2018,Rahul Chahar,MI,19000000,1.9
2018,Pradeep Sangwan,MI,15000000,1.5
2018,Jason Behrendorff,MI,15000000,1.5
2018,Jean-Paul Duminy,MI,10000000,1.0
2018,Saurabh Tiwary,MI,8000000,0.8
2018,Tajinder Dhillon,MI,5500000,0.55
2018,Akila Dhananjaya,MI,5000000,0.5
2018,Nidheesh M D Dinesan,MI,2000000,0.2
2018,Aditya Tare,MI,2000000,0.2
2018,Siddhesh Dinesh Lad,MI,2000000,0.2
2018,Mayank Markande,MI,2000000,0.2
2018,Sharad Lumba,MI,2000000,0.2
2018,Anukul Roy,MI,2000000,0.2
2018,Mohsin Khan,MI,2000000,0.2
2018,Benjamin Stokes,RR,125000000,12.5
2018,Jaydev Unadkat,RR,115000000,11.5
2018,Sanju Samson,RR,80000000,8.0
2018,Jofra Archer,RR,72000000,7.2
2018,Krishnappa Gowtham,RR,62000000,6.2
2018,Jos Buttler,RR,44000000,4.4
2018,Ajinkya Rahane,RR,40000000,4.0
2018,Darcy Short,RR,40000000,4.0
2018,Rahul Tripathi,RR,34000000,3.4
2018,Dhawal Kulkarni,RR,7500000,0.75
2018,Zahir Khan Pakteen,RR,6000000,0.6
2018,Ben Laughlin,RR,5000000,0.5
2018,Stuart Binny,RR,5000000,0.5
2018,Dushmantha Chameera,RR,5000000,0.5
2018,Anureet Singh,RR,3000000,0.3
2018,Aryaman Vikram Birla,RR,3000000,0.3
2018,Midhun S,RR,2000000,0.2
2018,Shreyas Gopal,RR,2000000,0.2
2018,Prashant Chopra,RR,2000000,0.2
2018,Jatin Saxena,RR,2000000,0.2
2018,Ankit Sharma,RR,2000000,0.2
2018,Mahipal Lomror,RR,2000000,0.2
2018,Chris Woakes,RCB,74000000,7.4
2018,Yuzvendra Singh Chahal,RCB,60000000,6.0
2018,Umesh Yadav,RCB,42000000,4.2
2018,Brendon McCullum,RCB,36000000,3.6
2018,M.S. Washington Sundar,RCB,32000000,3.2
2018,Navdeep Saini,RCB,30000000,3.0
2018,Quinton De Kock,RCB,28000000,2.8
2018,Mohammed Siraj,RCB,26000000,2.6
2018,Nathan Coulter-Nile,RCB,22000000,2.2
2018,Colin De Grandhomme,RCB,22000000,2.2
2018,M. Ashwin,RCB,22000000,2.2
2018,Parthiv Patel,RCB,17000000,1.7
2018,Moeen Ali,RCB,17000000,1.7
2018,Mandeep Singh,RCB,14000000,1.4
2018,Manan Vohra,RCB,11000000,1.1
2018,Pawan Negi,RCB,10000000,1.0
2018,Tim Southee,RCB,10000000,1.0
2018,Kulwant Khejroliya,RCB,8500000,0.85
2018,Aniket Choudhary,RCB,3000000,0.3
2018,Pavan Deshpande,RCB,2000000,0.2
2018,Anirudha Ashok Joshi,RCB,2000000,0.2
2018,Manish Pandey,SRH,110000000,11.0
2018,Rashid Khan Arman,SRH,90000000,9.0
2018,Shikhar Dhawan,SRH,52000000,5.2
2018,Wriddhiman Saha,SRH,50000000,5.0
2018,Siddarth Kaul,SRH,38000000,3.8
2018,Deepak Hooda,SRH,36000000,3.6
2018,Syed Khaleel Ahmed,SRH,30000000,3.0
2018,Sandeep Sharma,SRH,30000000,3.0
2018,Kane Williamson,SRH,30000000,3.0
2018,Carlos Brathwaite,SRH,20000000,2.0
2018,Shakib Al Hasan,SRH,20000000,2.0
2018,Yusuf Pathan,SRH,19000000,1.9
2018,Shreevats Goswami,SRH,10000000,1.0
2018,Mohammad Nabi,SRH,10000000,1.0
2018,Chris Jordan,SRH,10000000,1.0
2018,Basil Thampi,SRH,9500000,0.95
2018,Billy Stanlake,SRH,5000000,0.5
2018,T Natarajan,SRH,4000000,0.4
2018,Sachin Baby,SRH,2000000,0.2
2018,Bipul Sharma,SRH,2000000,0.2
2018,Syed Mehdi Hasan,SRH,2000000,0.2
2018,Ricky Bhui,SRH,2000000,0.2
2018,Tanmay Agarwal,SRH,2000000,0.2
2019,Mohit Sharma,CSK,50000000,5.0
2019,Ruturaj Gaikwad,CSK,2000000,0.2
2019,Colin Ingram,DC,64000000,6.4
2019,Axar Rajesh Patel,DC,50000000,5.0
2019,Hanuma Vihari,DC,20000000,2.0
2019,Sherfane Rutherford,DC,20000000,2.0
2019,Ishant Sharma,DC,11000000,1.1
2019,Keemo Paul,DC,5000000,0.5
2019,Jalaj Saxena,DC,2000000,0.2
2019,Ankush Bains,DC,2000000,0.2
2019,Nathu Singh,DC,2000000,0.2
2019,Bandaru Ayyappa,DC,2000000,0.2
2019,Varun Chakaravarthy,KXIP,84000000,8.4
2019,Sam Curran,KXIP,72000000,7.2
2019,Mohammad Shami,KXIP,48000000,4.8
2019,Prabhsimran Singh,KXIP,48000000,4.8
2019,Nicolas Pooran,KXIP,42000000,4.2
2019,Moises Henriques,KXIP,10000000,1.0
2019,Hardus Viljoen,KXIP,7500000,0.75
2019,Darshan Nalkande,KXIP,3000000,0.3
2019,Sarfaraz Naushad Khan,KXIP,2500000,0.25
2019,Arshdeep Singh,KXIP,2000000,0.2
2019,Agnivesh Ayachi,KXIP,2000000,0.2
2019,Harpreet Brar,KXIP,2000000,0.2
2019,M. Ashwin,KXIP,2000000,0.2
2019,Carlos Brathwaite,KKR,50000000,5.0
2019,Lockie Ferguson,KKR,16000000,1.6
2019,Joe Denly,KKR,10000000,1.0
2019,Harry Gurney,KKR,7500000,0.75
2019,Nikhil Shankar Naik,KKR,2000000,0.2
2019,Shrikant Mundhe,KKR,2000000,0.2
2019,Prithvi Raj Yarra,KKR,2000000,0.2
2019,Anrich Nortje,KKR,2000000,0.2
2019,Barinder Singh Sran,MI,34000000,3.4
2019,Lasith Malinga,MI,20000000,2.0
2019,Yuvraj Singh,MI,10000000,1.0
2019,Anmolpreet Singh,MI,8000000,0.8
2019,Pankaj Jaswal,MI,2000000,0.2
2019,Rasikh Dar,MI,2000000,0.2
2019,Jaydev Unadkat,RR,84000000,8.4
2019,Varun Aaron,RR,24000000,2.4
2019,Oshane Thomas,RR,11000000,1.1
2019,Ashton Turner,RR,5000000,0.5
2019,Liam Livingstone,RR,5000000,0.5
2019,Shashank Singh,RR,3000000,0.3
2019,Riyan Parag,RR,2000000,0.2
2019,Manan Vohra,RR,2000000,0.2
2019,Shubham Ranjane,RR,2000000,0.2
2019,Shivam Dube,RCB,50000000,5.0
2019,Shimron Hetmyer,RCB,42000000,4.2
2019,Akshdeep Nath,RCB,36000000,3.6
2019,Prayas Ray Barman,RCB,15000000,1.5
2019,Himmat Singh,RCB,6500000,0.65
2019,Gurkeerat Singh Mann,RCB,5000000,0.5
2019,Heinrich Klaasen,RCB,5000000,0.5
2019,Devdutt Padikkal,RCB,2000000,0.2
2019,Milind Kumar,RCB,2000000,0.2
2019,Jonny Bairstow,SRH,22000000,2.2
2019,Wriddhiman Saha,SRH,12000000,1.2
2019,Martin Guptill,SRH,10000000,1.0
2020,Piyush Chawla,CSK,67500000,6.75
2020,Sam Curran,CSK,55000000,5.5
2020,Josh Hazlewood,CSK,20000000,2.0
2020,R. Sai Kishore,CSK,2000000,0.2
2020,Shimron Hetmyer,DC,77500000,7.75
2020,Marcus Stoinis,DC,48000000,4.8
2020,Alex Carey,DC,24000000,2.4
2020,Jason Roy,DC,15000000,1.5
2020,Chris Woakes,DC,15000000,1.5
2020,Mohit Sharma,DC,5000000,0.5
2020,Tushar Deshpande,DC,2000000,0.2
2020,Lalit Yadav,DC,2000000,0.2
2020,Glenn Maxwell,KXIP,107500000,10.75
2020,Sheldon Cottrell,KXIP,85000000,8.5
2020,Chris Jordan,KXIP,30000000,3.0
2020,Ravi Bishnoi,KXIP,20000000,2.0
2020,Prabhsimran Singh,KXIP,5500000,0.55
2020,Deepak Hooda,KXIP,5000000,0.5
2020,James Neesham,KXIP,5000000,0.5
2020,Tajinder Dhillon,KXIP,2000000,0.2
2020,Ishan Porel,KXIP,2000000,0.2
2020,Pat Cummins,KKR,155000000,15.5
2020,Eoin Morgan,KKR,52500000,5.25
2020,Varun Chakaravarthy,KKR,40000000,4.0
2020,Tom Banton,KKR,10000000,1.0
2020,Rahul Tripathi,KKR,6000000,0.6
2020,Chris Green,KKR,2000000,0.2
2020,Nikhil Shankar Naik,KKR,2000000,0.2
2020,Pravin Tambe,KKR,2000000,0.2
2020,M Siddharth,KKR,2000000,0.2
2020,Nathan Coulter-Nile,MI,80000000,8.0
2020,Chris Lynn,MI,20000000,2.0
2020,Saurabh Tiwary,MI,5000000,0.5
2020,Digvijay Deshmukh,MI,2000000,0.2
2020,Prince Balwant Rai Singh,MI,2000000,0.2
2020,Mohsin Khan,MI,2000000,0.2
2020,Robin Uthappa,RR,30000000,3.0
2020,Jaydev Unadkat,RR,30000000,3.0
2020,Yashasvi Jaiswal,RR,24000000,2.4
2020,Kartik Tyagi,RR,13000000,1.3
2020,Tom Curran,RR,10000000,1.0
2020,Andrew Tye,RR,10000000,1.0
2020,Anuj Rawat,RR,8000000,0.8
2020,David Miller,RR,7500000,0.75
2020,Oshane Thomas,RR,5000000,0.5
2020,Anirudha Ashok Joshi,RR,2000000,0.2
2020,Akash Singh,RR,2000000,0.2
2020,Christopher Morris,RCB,100000000,10.0
2020,Aaron Finch,RCB,44000000,4.4
2020,Kane Richardson,RCB,40000000,4.0
2020,Dale Steyn,RCB,20000000,2.0
2020,Isuru Udana,RCB,5000000,0.5
2020,Shahbaz Ahamad,RCB,2000000,0.2
2020,Joshua Philippe,RCB,2000000,0.2
2020,Pavan Deshpande,RCB,2000000,0.2
2020,Mitchell Marsh,SRH,20000000,2.0
2020,Priyam Garg,SRH,19000000,1.9
2020,Virat Singh,SRH,19000000,1.9
2020,Fabian Allen,SRH,5000000,0.5
2020,Sandeep Bavanaka,SRH,2000000,0.2
2020,Sanjay Yadav,SRH,2000000,0.2
2020,Abdul Samad,SRH,2000000,0.2
2021,Krishnappa Gowtham,CSK,92500000,9.25
2021,Moeen Ali,CSK,70000000,7.0
2021,Cheteshwar Pujara,CSK,5000000,0.5
2021,K.Bhagath Varma,CSK,2000000,0.2
2021,C Hari Nishaanth,CSK,2000000,0.2
2021,M. Harisankar Reddy,CSK,2000000,0.2
2021,Tom Curran,DC,52500000,5.25
2021,Steven Smith,DC,22000000,2.2
2021,Sam Billings,DC,20000000,2.0
2021,Umesh Yadav,DC,10000000,1.0
2021,Ripal Patel,DC,2000000,0.2
2021,Vishnu Vinod,DC,2000000,0.2
2021,Lukman Hussain Meriwala,DC,2000000,0.2
2021,M Siddharth,DC,2000000,0.2
2021,Shakib Al Hasan,KKR,32000000,3.2
2021,Harbhajan Singh,KKR,20000000,2.0
2021,Ben Cutting,KKR,7500000,0.75
2021,Karun Nair,KKR,5000000,0.5
2021,Pawan Negi,KKR,5000000,0.5
2021,Venkatesh Iyer,KKR,2000000,0.2
2021,Sheldon Jackson,KKR,2000000,0.2
2021,Vaibhav Arora,KKR,2000000,0.2
2021,Nathan Coulter-Nile,MI,50000000,5.0
2021,Adam Milne,MI,32000000,3.2
2021,Piyush Chawla,MI,24000000,2.4
2021,James Neesham,MI,5000000,0.5
2021,Yudhvir Charak,MI,2000000,0.2
2021,Marco Jansen,MI,2000000,0.2
2021,Arjun Tendulkar,MI,2000000,0.2
2021,Jhye Richardson,PBKS,140000000,14.0
2021,Riley Meredith,PBKS,80000000,8.0
2021,Shahrukh Khan,PBKS,52500000,5.25
2021,Moises Henriques,PBKS,42000000,4.2
2021,Dawid Malan,PBKS,15000000,1.5
2021,Fabian Allen,PBKS,7500000,0.75
2021,Jalaj Saxena,PBKS,3000000,0.3
2021,Saurabh Kumar,PBKS,2000000,0.2
2021,Utkarsh Singh,PBKS,2000000,0.2
2021,Christopher Morris,RR,162500000,16.25
2021,Shivam Dube,RR,44000000,4.4
2021,Chetan Sakariya,RR,12000000,1.2
2021,Mustafizur Rahman,RR,10000000,1.0
2021,Liam Livingstone,RR,7500000,0.75
2021,K.C Cariappa,RR,2000000,0.2
2021,Akash Singh,RR,2000000,0.2
2021,Kuldip Yadav,RR,2000000,0.2
2021,Kyle Jamieson,RCB,150000000,15.0
2021,Glenn Maxwell,RCB,142500000,14.25
2021,Dan Christian,RCB,48000000,4.8
2021,Sachin Baby,RCB,2000000,0.2
2021,Rajat Patidar,RCB,2000000,0.2
2021,Mohammed Azharudeen,RCB,2000000,0.2
2021,Suyash Prabhudesai,RCB,2000000,0.2
2021,Kona Srikar Bharat,RCB,2000000,0.2
2021,Kedar Jadhav,SRH,20000000,2.0
2021,Mujeeb Zadran,SRH,15000000,1.5
2021,J Suchith,SRH,3000000,0.3
2022,Robin Uthappa,CSK,20000000,2.0
2022,Dwayne Bravo,CSK,44000000,4.4
2022,Ambati Rayudu,CSK,67500000,6.75
2022,Deepak Chahar,CSK,140000000,14.0
2022,C.Hari Nishaanth,CSK,2000000,0.2
2022,N. Jagadeesan,CSK,2000000,0.2
2022,K.M. Asif,CSK,2000000,0.2
2022,Tushar Deshpande,CSK,2000000,0.2
2022,Shivam Dube,CSK,40000000,4.0
2022,Chris Jordan,CSK,36000000,3.6
2022,Maheesh Theekshana,CSK,7000000,0.7
2022,Rajvardhan Hangargekar,CSK,15000000,1.5
2022,Simarjeet Singh,CSK,2000000,0.2
2022,Devon Conway,CSK,10000000,1.0
2022,Dwaine Pretorius,CSK,5000000,0.5
2022,Mitchell Santner,CSK,19000000,1.9
2022,Adam Milne,CSK,19000000,1.9
2022,Subhranshu Senapati,CSK,2000000,0.2
2022,Mukesh Choudhary,CSK,2000000,0.2
2022,Prashant Solanki,CSK,12000000,1.2
2022,K.Bhagath Varma,CSK,2000000,0.2
2022,David Warner,DC,62500000,6.25
2022,Mitchell Marsh,DC,65000000,6.5
2022,Mustafizur Rahman,DC,20000000,2.0
2022,Shardul Thakur,DC,107500000,10.75
2022,Kuldeep Yadav,DC,20000000,2.0
2022,Ashwin Hebbar,DC,2000000,0.2
2022,Sarfaraz Khan,DC,2000000,0.2
2022,Kamlesh Nagarkoti,DC,11000000,1.1
2022,K.S. Bharat,DC,20000000,2.0
2022,Mandeep Singh,DC,11000000,1.1
2022,Syed Khaleel Ahmed,DC,52500000,5.25
2022,Lungisani Ngidi,DC,5000000,0.5
2022,Chetan Sakariya,DC,42000000,4.2
2022,Yash Dhull,DC,5000000,0.5
2022,Vicky Ostwal,DC,2000000,0.2
2022,Ripal Patel,DC,2000000,0.2
2022,Lalit Yadav,DC,6500000,0.65
2022,Rovman Powell,DC,28000000,2.8
2022,Tim Seifert,DC,5000000,0.5
2022,Pravin Dubey,DC,5000000,0.5
2022,Mohammad Shami,GT,62500000,6.25
2022,David Miller,GT,30000000,3.0
2022,Jason Roy,GT,20000000,2.0
2022,Wriddhiman  Saha,GT,19000000,1.9
2022,Matthew Wade,GT,24000000,2.4
2022,Lockie Ferguson,GT,100000000,10.0
2022,Abhinav Sadarangani,GT,26000000,2.6
2022,Rahul Tewatia,GT,90000000,9.0
2022,Noor  Ahmad,GT,3000000,0.3
2022,R. Sai Kishore,GT,30000000,3.0
2022,Dominic Drakes,GT,11000000,1.1
2022,Vijay Shankar,GT,14000000,1.4
2022,Jayant Yadav,GT,17000000,1.7
2022,Darshan Nalkande,GT,2000000,0.2
2022,Yash  Dayal,GT,32000000,3.2
2022,B. Sai Sudharsan,GT,2000000,0.2
2022,Gurkeerat Singh,GT,5000000,0.5
2022,Alzarri Joseph,GT,24000000,2.4
2022,Varun Aaron,GT,5000000,0.5
2022,Pradeep Sangwan,GT,2000000,0.2
2022,Pat Cummins,KKR,72500000,7.25
2022,Shreyas Iyer,KKR,122500000,12.25
2022,Mohammad  Nabi,KKR,10000000,1.0
2022,Nitish Rana,KKR,80000000,8.0
2022,Sam Billings,KKR,20000000,2.0
2022,Umesh Yadav,KKR,20000000,2.0
2022,Shivam  Mavi,KKR,72500000,7.25
2022,Sheldon Jackson,KKR,6000000,0.6
2022,Ajinkya Rahane,KKR,10000000,1.0
2022,Rinku Singh,KKR,5500000,0.55
2022,Anukul Roy,KKR,2000000,0.2
2022,Alex Hales,KKR,15000000,1.5
2022,Rasikh Dar,KKR,2000000,0.2
2022,Tim Southee,KKR,15000000,1.5
2022,Baba Indrajith,KKR,2000000,0.2
2022,Chamika Karunaratne,KKR,5000000,0.5
2022,Abhijeet Tomar,KKR,4000000,0.4
2022,Aman Khan,KKR,2000000,0.2
2022,Ramesh Kumar,KKR,2000000,0.2
2022,Pratham Singh,KKR,2000000,0.2
2022,Ashok Sharma,KKR,5500000,0.55
2022,Quinton De Kock,LSG,67500000,6.75
2022,Manish Pandey,LSG,46000000,4.6
2022,Krunal Pandya,LSG,82500000,8.25
2022,Mark Wood,LSG,75000000,7.5
2022,Avesh Khan,LSG,100000000,10.0
2022,Ankit Singh Rajpoot,LSG,5000000,0.5
2022,K. Gowtham,LSG,9000000,0.9
2022,Dushmanta Chameera,LSG,20000000,2.0
2022,Shahbaz Nadeem,LSG,5000000,0.5
2022,Manan Vohra,LSG,2000000,0.2
2022,Evin Lewis,LSG,20000000,2.0
2022,Mohsin Khan,LSG,2000000,0.2
2022,Mayank Yadav,LSG,2000000,0.2
2022,Ayush Badoni,LSG,2000000,0.2
2022,Kyle Mayers,LSG,5000000,0.5
2022,Karan Sharma,LSG,2000000,0.2
2022,Jason Holder,LSG,87500000,8.75
2022,Deepak Hooda,LSG,57500000,5.75
2022,Ishan Kishan,MI,152500000,15.25
2022,Dewald Brevis,MI,30000000,3.0
2022,Anmolpreet Singh,MI,2000000,0.2
2022,Basil Thampi,MI,3000000,0.3
2022,Murugan Ashwin,MI,16000000,1.6
2022,Jaydev Unadkat,MI,13000000,1.3
2022,Mayank Markande,MI,6500000,0.65
2022,N. Tilak Varma,MI,17000000,1.7
2022,Sanjay Yadav,MI,5000000,0.5
2022,Jofra Archer,MI,80000000,8.0
2022,Daniel Sams,MI,26000000,2.6
2022,Tymal Mills,MI,15000000,1.5
2022,Tim David,MI,82500000,8.25
2022,Ramandeep  Singh,MI,2000000,0.2
2022,Aryan Juyal,MI,2000000,0.2
2022,Fabian Allen,MI,7500000,0.75
2022,Riley Meredith,MI,10000000,1.0
2022,Rahul Buddhi,MI,2000000,0.2
2022,Hrithik Shokeen,MI,2000000,0.2
2022,Mohd. Arshad Khan,MI,2000000,0.2
2022,Arjun  Tendulkar,MI,3000000,0.3
2022,Shikhar Dhawan,PBKS,82500000,8.25
2022,Kagiso Rabada,PBKS,92500000,9.25
2022,Jonny Bairstow,PBKS,67500000,6.75
2022,Rahul Chahar,PBKS,52500000,5.25
2022,Harpreet  Brar,PBKS,38000000,3.8
2022,Shahrukh Khan,PBKS,90000000,9.0
2022,Jitesh Sharma,PBKS,2000000,0.2
2022,Prabhsimran Singh,PBKS,6000000,0.6
2022,Ishan Porel,PBKS,2500000,0.25
2022,Liam Livingstone,PBKS,115000000,11.5
2022,Odean Smith,PBKS,60000000,6.0
2022,Sandeep Sharma,PBKS,5000000,0.5
2022,Raj Angad Bawa,PBKS,20000000,2.0
2022,Rishi Dhawan,PBKS,5500000,0.55
2022,Nathan Ellis,PBKS,7500000,0.75
2022,Prerak Mankad,PBKS,2000000,0.2
2022,Atharva Taide,PBKS,2000000,0.2
2022,Vaibhav Arora,PBKS,20000000,2.0
2022,Bhanuka Rajapaksa,PBKS,5000000,0.5
2022,Benny Howell,PBKS,4000000,0.4
2022,Writtick Chatterjee,PBKS,2000000,0.2
2022,Baltej Dhanda,PBKS,2000000,0.2
2022,Ansh Patel,PBKS,2000000,0.2
2022,R. Ashwin,RR,50000000,5.0
2022,Trent Boult,RR,80000000,8.0
2022,Shimron Hetmyer,RR,85000000,8.5
2022,Devdutt Padikkal,RR,77500000,7.75
2022,Prasidh Krishna,RR,100000000,10.0
2022,Yuzvendra Chahal,RR,65000000,6.5
2022,Riyan Parag,RR,38000000,3.8
2022,K.C Cariappa,RR,3000000,0.3
2022,James Neesham,RR,15000000,1.5
2022,Nathan Coulter-Nile,RR,20000000,2.0
2022,Navdeep Saini,RR,26000000,2.6
2022,Kuldeep  Sen,RR,2000000,0.2
2022,Karun Nair,RR,14000000,1.4
2022,Rassie Van Der Dussen,RR,10000000,1.0
2022,Daryl Mitchell,RR,7500000,0.75
2022,Obed Mccoy,RR,7500000,0.75
2022,Dhruv Jurel,RR,2000000,0.2
2022,Tejas Baroka,RR,2000000,0.2
2022,Kuldip Yadav,RR,2000000,0.2
2022,Shubham Garhwal,RR,2000000,0.2
2022,Anunay Singh,RR,2000000,0.2
2022,Faf Du Plessis,RCB,70000000,7.0
2022,Wanindu Hasaranga,RCB,107500000,10.75
2022,Harshal Patel,RCB,107500000,10.75
2022,Dinesh  Karthik,RCB,55000000,5.5
2022,Josh Hazlewood,RCB,77500000,7.75
2022,Shahbaz Ahamad,RCB,24000000,2.4
2022,Anuj Rawat,RCB,34000000,3.4
2022,Akash  Deep,RCB,2000000,0.2
2022,Karn Sharma,RCB,5000000,0.5
2022,Mahipal Lomror,RCB,9500000,0.95
2022,Finn Allen,RCB,8000000,0.8
2022,Sherfane Rutherford,RCB,10000000,1.0
2022,Jason Behrendorff,RCB,7500000,0.75
2022,Siddharth  Kaul,RCB,7500000,0.75
2022,Suyash Prabhudessai,RCB,3000000,0.3
2022,Luvnith Sisodia,RCB,2000000,0.2
2022,Chama Milind,RCB,2500000,0.25
2022,Aneeshwar Gautam,RCB,2000000,0.2
2022,David Willey,RCB,20000000,2.0
2022,Washington Sundar,SRH,87500000,8.75
2022,Nicholas Pooran,SRH,107500000,10.75
2022,Bhuvneshwar Kumar,SRH,42000000,4.2
2022,T. Natarajan,SRH,40000000,4.0
2022,Priyam  Garg,SRH,2000000,0.2
2022,Rahul Tripathi,SRH,85000000,8.5
2022,Abhishek Sharma,SRH,65000000,6.5
2022,Vishnu Vinod,SRH,5000000,0.5
2022,Kartik Tyagi,SRH,40000000,4.0
2022,Shreyas Gopal,SRH,7500000,0.75
2022,Jagadeesha Suchith,SRH,2000000,0.2
2022,Aiden Markram,SRH,26000000,2.6
2022,Marco Jansen,SRH,42000000,4.2
2022,Romario Shepherd,SRH,77500000,7.75
2022,Glenn Phillips,SRH,15000000,1.5
2022,Fazalhaq Farooqi,SRH,5000000,0.5
2022,Sean Abbott,SRH,24000000,2.4
2022,R Samarth,SRH,2000000,0.2
2022,Shashank Singh,SRH,2000000,0.2
2022,Saurabh Dubey,SRH,2000000,0.2
2023,Ajinkya Rahane,CSK,5000000,0.5
2023,Bhagath Varma,CSK,2000000,0.2
2023,Kyle Jamieson,CSK,10000000,1.0
2023,Ajay Mandal,CSK,2000000,0.2
2023,Nishant Sindhu,CSK,6000000,0.6
2023,Shaik Rasheed,CSK,2000000,0.2
2023,Ben Stokes,CSK,162500000,16.25
2023,Phil Salt,DC,20000000,2.0
2023,Ishant Sharma,DC,5000000,0.5
2023,Rilee Rossouw,DC,46000000,4.6
2023,Manish Pandey,DC,24000000,2.4
2023,Mukesh Kumar,DC,55000000,5.5
2023,Shivam Mavi,GT,60000000,6.0
2023,K.S. Bharat,GT,12000000,1.2
2023,Urvil Patel,GT,2000000,0.2
2023,Mohit Sharma,GT,5000000,0.5
2023,Joshua Little,GT,44000000,4.4
2023,Kane Williamson,GT,20000000,2.0
2023,Odean Smith,GT,5000000,0.5
2023,Kulwant Khejroliya,KKR,2000000,0.2
2023,Shakib Al Hasan,KKR,15000000,1.5
2023,Vaibhav Arora,KKR,6000000,0.6
2023,N. Jagadeesan,KKR,9000000,0.9
2023,David Wiese,KKR,10000000,1.0
2023,Mandeep Singh,KKR,5000000,0.5
2023,Litton Das,KKR,5000000,0.5
2023,Suyash Sharma,KKR,2000000,0.2
2023,Amit Mishra,LSG,5000000,0.5
2023,Nicholas Pooran,LSG,160000000,16.0
2023,Romario Shepherd,LSG,5000000,0.5
2023,Daniel Sams,LSG,7500000,0.75
2023,Swapnil Singh,LSG,2000000,0.2
2023,Yudhvir Charak,LSG,2000000,0.2
2023,Prerak Mankad,LSG,2000000,0.2
2023,Yash Thakur,LSG,4500000,0.45
2023,Naveen Ul Haq,LSG,5000000,0.5
2023,Jaydev Unadkat,LSG,5000000,0.5
2023,Jhye Richardson,MI,15000000,1.5
2023,Nehal Wadhera,MI,2000000,0.2
2023,Raghav Goyal,MI,2000000,0.2
2023,Cameron Green,MI,175000000,17.5
2023,Vishnu Vinod,MI,2000000,0.2
2023,Duan Jansen,MI,2000000,0.2
2023,Piyush Chawla,MI,5000000,0.5
2023,Shams Mulani,MI,2000000,0.2
2023,Harpreet Bhatia,PBKS,4000000,0.4
2023,Shivam Singh,PBKS,2000000,0.2
2023,Vidwath Kaverappa,PBKS,2000000,0.2
2023,Mohit Rathee,PBKS,2000000,0.2
2023,Sam Curran,PBKS,185000000,18.5
2023,Sikandar Raza,PBKS,5000000,0.5
2023,Jason Holder,RR,57500000,5.75
2023,Adam Zampa,RR,15000000,1.5
2023,Abdul P A,RR,2000000,0.2
2023,Akash Vashisht,RR,2000000,0.2
2023,Donovan Ferreira,RR,5000000,0.5
2023,Kunal Rathore,RR,2000000,0.2
2023,Joe Root,RR,10000000,1.0
2023,Murugan Ashwin,RR,2000000,0.2
2023,K.M. Asif,RR,3000000,0.3
2023,Sonu Yadav,RCB,2000000,0.2
2023,Himanshu Sharma,RCB,2000000,0.2
2023,Avinash Singh,RCB,6000000,0.6
2023,Manoj Bhandage,RCB,2000000,0.2
2023,Will Jacks,RCB,32000000,3.2
2023,Reece Topley,RCB,19000000,1.9
2023,Rajan Kumar,RCB,7000000,0.7
2023,Sanvir Singh,SRH,2000000,0.2
2023,Harry Brook,SRH,132500000,13.25
2023,Heinrich Klaasen,SRH,52500000,5.25
2023,Akeal Hosein,SRH,10000000,1.0
2023,Mayank Markande,SRH,5000000,0.5
2023,Adil Rashid,SRH,20000000,2.0
2023,Anmolpreet Singh,SRH,2000000,0.2
2023,Vivrant Sharma,SRH,26000000,2.6
2023,Samarth Vyas,SRH,2000000,0.2
2023,Upendra Singh Yadav,SRH,2500000,0.25
2023,Nitish Kumar Reddy,SRH,2000000,0.2
2023,Mayank Agarwal,SRH,82500000,8.25
2023,Mayank Dagar,SRH,18000000,1.8
2024,Avanish Rao Aravelly,CSK,2000000,0.2
2024,Mustafizur Rahman,CSK,20000000,2.0
2024,Daryl Mitchell,CSK,140000000,14.0
2024,Sameer Rizvi,CSK,84000000,8.4
2024,Rachin Ravindra,CSK,18000000,1.8
2024,Shardul Thakur,CSK,40000000,4.0
2024,Ricky Bhui,DC,2000000,0.2
2024,Sumit Kumar,DC,10000000,1.0
2024,Swastik Chhikara,DC,2000000,0.2
2024,Jhye Richardson,DC,50000000,5.0
2024,Shai Hope,DC,7500000,0.75
2024,Rasikh Dar,DC,2000000,0.2
2024,Kumar Kushagra,DC,72000000,7.2
2024,Tristan Stubbs,DC,5000000,0.5
2024,Harry Brook,DC,40000000,4.0
2024,Kartik Tyagi,GT,6000000,0.6
2024,Spencer Johnson,GT,100000000,10.0
2024,Manav Suthar,GT,2000000,0.2
2024,Robin Minz,GT,36000000,3.6
2024,Sushant Mishra,GT,22000000,2.2
2024,Azmatullah Omarzai,GT,5000000,0.5
2024,Shahrukh Khan,GT,74000000,7.4
2024,Umesh Yadav,GT,58000000,5.8
2024,Mujeeb Rahman,KKR,20000000,2.0
2024,Manish Pandey,KKR,5000000,0.5
2024,Gus Atkinson,KKR,10000000,1.0
2024,Angkrish Raghuvanshi,KKR,2000000,0.2
2024,Mitchell  Starc,KKR,247500000,24.75
2024,Sherfane Rutherford,KKR,15000000,1.5
2024,Ramandeep  Singh,KKR,2000000,0.2
2024,K.S. Bharat,KKR,5000000,0.5
2024,Chetan Sakariya,KKR,5000000,0.5
2024,Sakib Hussain,KKR,2000000,0.2
2024,Ashton Turner,LSG,10000000,1.0
2024,David Willey,LSG,20000000,2.0
2024,M. Siddharth,LSG,24000000,2.4
2024,Shivam  Mavi,LSG,64000000,6.4
2024,Arshin Kulkarni,LSG,2000000,0.2
2024,Mohd. Arshad Khan,LSG,2000000,0.2
2024,Dilshan Madushanka,MI,46000000,4.6
2024,Shreyas Gopal,MI,2000000,0.2
2024,Shivalik Sharma,MI,2000000,0.2
2024,Anshul Kamboj,MI,2000000,0.2
2024,Mohammad Nabi,MI,15000000,1.5
2024,Naman Dhir,MI,2000000,0.2
2024,Nuwan Thushara,MI,48000000,4.8
2024,Gerald Coetzee,MI,50000000,5.0
2024,Chris Woakes,PBKS,42000000,4.2
2024,Tanay Thyagarajann,PBKS,2000000,0.2
2024,Vishwanath Pratap Singh,PBKS,2000000,0.2
2024,Ashutosh Sharma,PBKS,2000000,0.2
2024,Shashank  Singh,PBKS,2000000,0.2
2024,Rilee Rossouw,PBKS,80000000,8.0
2024,Prince Choudhary,PBKS,2000000,0.2
2024,Harshal Patel,PBKS,117500000,11.75
2024,Shubham Dubey,RR,58000000,5.8
2024,Rovman Powell,RR,74000000,7.4
2024,Abid Mushtaq,RR,2000000,0.2
2024,Nandre Burger,RR,5000000,0.5
2024,Tom Kohler-Cadmore,RR,4000000,0.4
2024,Lockie Ferguson,RCB,20000000,2.0
2024,Tom Curran,RCB,15000000,1.5
2024,Saurav Chuahan,RCB,2000000,0.2
2024,Alzarri Joseph,RCB,115000000,11.5
2024,Swapnil Singh,RCB,2000000,0.2
2024,Yash  Dayal,RCB,50000000,5.0
2024,Jhathavedh Subramanyan,SRH,2000000,0.2
2024,Akash Singh,SRH,2000000,0.2
2024,Jaydev Unadkat,SRH,16000000,1.6
2024,Wanindu Hasaranga,SRH,15000000,1.5
2024,Pat Cummins,SRH,205000000,20.5
2024,Travis Head,SRH,68000000,6.8
2025,Noor Ahmad,CSK,100000000,10.0
2025,Ravichandaran Ashwin,CSK,97500000,9.75
2025,Devon Conway,CSK,62500000,6.25
2025,Syed Khaleel Ahmed,CSK,48000000,4.8
2025,Rachin Ravindra,CSK,40000000,4.0
2025,Anshul Kamboj,CSK,34000000,3.4
2025,Rahul Tripathi,CSK,34000000,3.4
2025,Sam Curran,CSK,24000000,2.4
2025,Gurjapneet Singh,CSK,22000000,2.2
2025,Nathan Ellis,CSK,20000000,2.0
2025,Deepak Hooda,CSK,17000000,1.7
2025,Jamie Overton,CSK,15000000,1.5
2025,Vijay Shankar,CSK,12000000,1.2
2025,Vansh Bedi,CSK,5500000,0.55
2025,Andre Siddarth,CSK,3000000,0.3
2025,Shreyas Gopal,CSK,3000000,0.3
2025,Ramakrishna Ghosh,CSK,3000000,0.3
2025,Kamlesh Nagarkoti,CSK,3000000,0.3
2025,Mukesh Choudhary,CSK,3000000,0.3
2025,Shaik Rasheed,CSK,3000000,0.3
2025,KL Rahul,DC,140000000,14.0
2025,Mitchell Starc,DC,117500000,11.75
2025,T. Natarajan,DC,107500000,10.75
2025,Jake Fraser-Mcgurk,DC,90000000,9.0
2025,Mukesh Kumar,DC,80000000,8.0
2025,Harry Brook,DC,62500000,6.25
2025,Ashutosh Sharma,DC,38000000,3.8
2025,Mohit Sharma,DC,22000000,2.2
2025,Faf Du Plessis,DC,20000000,2.0
2025,Sameer Rizvi,DC,9500000,0.95
2025,Donovan Ferreira,DC,7500000,0.75
2025,Dushmantha Chameera,DC,7500000,0.75
2025,Vipraj Nigam,DC,5000000,0.5
2025,Karun Nair,DC,5000000,0.5
2025,Madhav Tiwari,DC,4000000,0.4
2025,Tripurana Vijay,DC,3000000,0.3
2025,Manvanth Kumar L,DC,3000000,0.3
2025,Ajay Mandal,DC,3000000,0.3
2025,Darshan Nalkande,DC,3000000,0.3
2025,Jos  Buttler,GT,157500000,15.75
2025,Mohammad Siraj,GT,122500000,12.25
2025,Kagiso Rabada,GT,107500000,10.75
2025,Prasidh Krishna,GT,95000000,9.5
2025,Washington Sundar,GT,32000000,3.2
2025,Sherfane Rutherford,GT,26000000,2.6
2025,Gerald Coetzee,GT,24000000,2.4
2025,Glenn Phillips,GT,20000000,2.0
2025,R. Sai Kishore,GT,20000000,2.0
2025,Mahipal Lomror,GT,17000000,1.7
2025,Gurnoor Singh Brar,GT,13000000,1.3
2025,Mohd. Arshad Khan,GT,13000000,1.3
2025,Karim Janat,GT,7500000,0.75
2025,Jayant Yadav,GT,7500000,0.75
2025,Ishant Sharma,GT,7500000,0.75
2025,Kumar Kushagra,GT,6500000,0.65
2025,Kulwant Khejroliya,GT,3000000,0.3
2025,Manav Suthar,GT,3000000,0.3
2025,Anuj Rawat,GT,3000000,0.3
2025,Nishant Sindhu,GT,3000000,0.3
2025,Venkatesh Iyer,KKR,237500000,23.75
2025,Anrich Nortje,KKR,65000000,6.5
2025,Quinton De Kock,KKR,36000000,3.6
2025,Angkrish Raghuvanshi,KKR,30000000,3.0
2025,Spencer Johnson,KKR,28000000,2.8
2025,Moeen Ali,KKR,20000000,2.0
2025,Rahmanullah Gurbaz,KKR,20000000,2.0
2025,Vaibhav Arora,KKR,18000000,1.8
2025,Ajinkya Rahane,KKR,15000000,1.5
2025,Rovman Powell,KKR,15000000,1.5
2025,Umran  Malik,KKR,7500000,0.75
2025,Manish Pandey,KKR,7500000,0.75
2025,Anukul Roy,KKR,4000000,0.4
2025,Luvnith Sisodia,KKR,3000000,0.3
2025,Mayank Markande,KKR,3000000,0.3
2025,Rishabh Pant,LSG,270000000,27.0
2025,Avesh Khan,LSG,97500000,9.75
2025,Akash Deep,LSG,80000000,8.0
2025,David Miller,LSG,75000000,7.5
2025,Abdul Samad,LSG,42000000,4.2
2025,Mitchell Marsh,LSG,34000000,3.4
2025,Shahbaz Ahamad,LSG,24000000,2.4
2025,Aiden Markram,LSG,20000000,2.0
2025,Matthew Breetzke,LSG,7500000,0.75
2025,Shamar Joseph,LSG,7500000,0.75
2025,M. Siddharth,LSG,7500000,0.75
2025,Arshin Kulkarni,LSG,3000000,0.3
2025,Rajvardhan Hangargekar,LSG,3000000,0.3
2025,Yuvraj Chaudhary,LSG,3000000,0.3
2025,Prince Yadav,LSG,3000000,0.3
2025,Akash Singh,LSG,3000000,0.3
2025,Digvesh Singh,LSG,3000000,0.3
2025,Himmat Singh,LSG,3000000,0.3
2025,Aryan Juyal,LSG,3000000,0.3
2025,Trent Boult,MI,125000000,12.5
2025,Deepak Chahar,MI,92500000,9.25
2025,Will Jacks,MI,52500000,5.25
2025,Naman Dhir,MI,52500000,5.25
2025,Allah  Ghazanfar,MI,48000000,4.8
2025,Mitchell Santner,MI,20000000,2.0
2025,Ryan Rickelton,MI,10000000,1.0
2025,Lizaad Williams,MI,7500000,0.75
2025,Reece Topley,MI,7500000,0.75
2025,Robin Minz,MI,6500000,0.65
2025,Karn Sharma,MI,5000000,0.5
2025,Vignesh Puthur,MI,3000000,0.3
2025,Arjun  Tendulkar,MI,3000000,0.3
2025,Bevan John Jacobs,MI,3000000,0.3
2025,Venkata Satyanarayana Penmetsa,MI,3000000,0.3
2025,Raj Angad Bawa,MI,3000000,0.3
2025,Shrijith Krishnan,MI,3000000,0.3
2025,Ashwani Kumar,MI,3000000,0.3
2025,Shreyas Iyer,PBKS,267500000,26.75
2025,Yuzvendra Chahal,PBKS,180000000,18.0
2025,Arshdeep Singh,PBKS,180000000,18.0
2025,Marcus Stoinis,PBKS,110000000,11.0
2025,Marco Jansen,PBKS,70000000,7.0
2025,Nehal Wadhera,PBKS,42000000,4.2
2025,Glenn Maxwell,PBKS,42000000,4.2
2025,Priyansh Arya,PBKS,38000000,3.8
2025,Josh Inglis,PBKS,26000000,2.6
2025,Azmatullah Omarzai,PBKS,24000000,2.4
2025,Lockie Ferguson,PBKS,20000000,2.0
2025,Vyshak Vijaykumar,PBKS,18000000,1.8
2025,Yash Thakur,PBKS,16000000,1.6
2025,Harpreet  Brar,PBKS,15000000,1.5
2025,Aaron Hardie,PBKS,12500000,1.25
2025,Vishnu Vinod,PBKS,9500000,0.95
2025,Xavier Bartlett,PBKS,8000000,0.8
2025,Kuldeep  Sen,PBKS,8000000,0.8
2025,Pravin Dubey,PBKS,3000000,0.3
2025,Pyla Avinash,PBKS,3000000,0.3
2025,Suryansh  Shedge,PBKS,3000000,0.3
2025,Musheer Khan,PBKS,3000000,0.3
2025,Harnoor Pannu,PBKS,3000000,0.3
2025,Jofra Archer,RR,125000000,12.5
2025,Tushar Deshpande,RR,65000000,6.5
2025,Wanindu Hasaranga,RR,52500000,5.25
2025,Maheesh Theekshana,RR,44000000,4.4
2025,Nitish Rana,RR,42000000,4.2
2025,Fazalhaq Farooqi,RR,20000000,2.0
2025,Kwena Maphaka,RR,15000000,1.5
2025,Akash Madhwal,RR,12000000,1.2
2025,Vaibhav Suryavanshi,RR,11000000,1.1
2025,Shubham Dubey,RR,8000000,0.8
2025,Yudhvir Charak,RR,3500000,0.35
2025,Ashok Sharma,RR,3000000,0.3
2025,Kunal Rathore,RR,3000000,0.3
2025,Kumar Kartikeya Singh,RR,3000000,0.3
2025,Josh Hazlewood,RCB,125000000,12.5
2025,Phil Salt,RCB,115000000,11.5
2025,Jitesh Sharma,RCB,110000000,11.0
2025,Bhuvneshwar Kumar,RCB,107500000,10.75
2025,Liam Livingstone,RCB,87500000,8.75
2025,Rasikh Dar,RCB,60000000,6.0
2025,Krunal Pandya,RCB,57500000,5.75
2025,Tim David,RCB,30000000,3.0
2025,Jacob Bethell,RCB,26000000,2.6
2025,Suyash Sharma,RCB,26000000,2.6
2025,Devdutt Padikkal,RCB,20000000,2.0
2025,Nuwan Thushara,RCB,16000000,1.6
2025,Romario Shepherd,RCB,15000000,1.5
2025,Lungisani Ngidi,RCB,10000000,1.0
2025,Swapnil Singh,RCB,5000000,0.5
2025,Mohit Rathee,RCB,3000000,0.3
2025,Abhinandan Singh,RCB,3000000,0.3
2025,Swastik Chhikara,RCB,3000000,0.3
2025,Manoj Bhandage,RCB,3000000,0.3
2025,Ishan Kishan,SRH,112500000,11.25
2025,Mohammad Shami,SRH,100000000,10.0
2025,Harshal Patel,SRH,80000000,8.0
2025,Abhinav Manohar,SRH,32000000,3.2
2025,Rahul Chahar,SRH,32000000,3.2
2025,Adam Zampa,SRH,24000000,2.4
2025,Simarjeet Singh,SRH,15000000,1.5
2025,Eshan Malinga,SRH,12000000,1.2
2025,Brydon Carse,SRH,10000000,1.0
2025,Jaydev Unadkat,SRH,10000000,1.0
2025,Kamindu Mendis,SRH,7500000,0.75
2025,Zeeshan Ansari,SRH,4000000,0.4
2025,Sachin Baby,SRH,3000000,0.3
2025,Aniket Verma,SRH,3000000,0.3
2025,Atharva Taide,SRH,3000000,0.3
2026,Kartik Sharma,CSK,142000000,14.2
2026,Prashant Veer,CSK,142000000,14.2
2026,Rahul Chahar,CSK,52000000,5.2
2026,Matt Henry,CSK,20000000,2.0
2026,Akeal Hosein,CSK,20000000,2.0
2026,Matthew Short,CSK,15000000,1.5
2026,Zak Foulkes,CSK,7500000,0.75
2026,Sarfaraz Khan,CSK,7500000,0.75
2026,Aman Khan,CSK,4000000,0.4
2026,Auqib Dar,DC,84000000,8.4
2026,Pathum Nissanka,DC,40000000,4.0
2026,Kyle Jamieson,DC,20000000,2.0
2026,Lungisani Ngidi,DC,20000000,2.0
2026,Ben Duckett,DC,20000000,2.0
2026,David Miller,DC,20000000,2.0
2026,Prithvi Shaw,DC,7500000,0.75
2026,Sahil Parakh,DC,3000000,0.3
2026,Jason Holder,GT,70000000,7.0
2026,Tom Banton,GT,20000000,2.0
2026,Ashok Sharma,GT,9000000,0.9
2026,Luke Wood,GT,7500000,0.75
2026,Prithviraj Yarra,GT,3000000,0.3
2026,Cameron Green,KKR,252000000,25.2
2026,Matheesha Pathirana,KKR,180000000,18.0
2026,Mustafizur Rahman,KKR,92000000,9.2
2026,Tejasvi Singh,KKR,30000000,3.0
2026,Rachin Ravindra,KKR,20000000,2.0
2026,Finn Allen,KKR,20000000,2.0
2026,Tim Seifert,KKR,15000000,1.5
2026,Akash Deep,KKR,10000000,1.0
2026,Rahul Tripathi,KKR,7500000,0.75
2026,Daksh Kamra,KKR,3000000,0.3
2026,Sarthak Ranjan,KKR,3000000,0.3
2026,Prashant Solanki,KKR,3000000,0.3
2026,Kartik Tyagi,KKR,3000000,0.3
2026,Josh Inglis,LSG,86000000,8.6
2026,Mukul Choudhary,LSG,26000000,2.6
2026,Akshat Raghuwanshi,LSG,22000000,2.2
2026,Anrich Nortje,LSG,20000000,2.0
2026,Wanindu Hasaranga,LSG,20000000,2.0
2026,Naman Tiwari,LSG,10000000,1.0
2026,Quinton De Kock,MI,10000000,1.0
2026,Mayank Rawat,MI,3000000,0.3
2026,Atharva Ankolekar,MI,3000000,0.3
2026,Mohammad Izhar,MI,3000000,0.3
2026,Danish Malewar,MI,3000000,0.3
2026,Ben Dwarshuis,PBKS,44000000,4.4
2026,Cooper Connolly,PBKS,30000000,3.0
2026,Vishal Nishad,PBKS,3000000,0.3
2026,Pravin Dubey,PBKS,3000000,0.3
2026,Ravi Bishnoi,RR,72000000,7.2
2026,Adam Milne,RR,24000000,2.4
2026,Ravi Singh,RR,9500000,0.95
2026,Sushant Mishra,RR,9000000,0.9
2026,Kuldeep Sen,RR,7500000,0.75
2026,Brijesh Sharma,RR,3000000,0.3
2026,Aman Rao Perala,RR,3000000,0.3
2026,Vignesh Puthur,RR,3000000,0.3
2026,Yash Raj Punja,RR,3000000,0.3
2026,Venkatesh Iyer,RCB,70000000,7.0
2026,Mangesh Yadav,RCB,52000000,5.2
2026,Jacob Duffy,RCB,20000000,2.0
2026,Jordan Cox,RCB,7500000,0.75
2026,Kanishk Chouhan,RCB,3000000,0.3
2026,Vihaan Malhotra,RCB,3000000,0.3
2026,Vicky Ostwal,RCB,3000000,0.3
2026,Satvik Deswal,RCB,3000000,0.3
2026,Liam Livingstone,SRH,130000000,13.0
2026,Jack Edwards,SRH,30000000,3.0
2026,Salil Arora,SRH,15000000,1.5
2026,Shivam Mavi,SRH,7500000,0.75
2026,Krains Fuletra,SRH,3000000,0.3
2026,Praful Hinge,SRH,3000000,0.3
2026,Amit Kumar,SRH,3000000,0.3
2026,Onkar Tarmale,SRH,3000000,0.3
2026,Sakib Hussain,SRH,3000000,0.3
2026,Shivang Kumar,SRH,3000000,0.3
